inchikey14,compound_name,in_cong,in_kim,in_lee,published
ABFCOJLLBHXNOU,2-(2-Hydroxyethyl)phenol,True,False,False,True
AEDDIBAIWPIIBD,Mangiferin,True,True,False,True
AEQDJSLRWYMAQI,L-Tetrahydropalmatine,True,True,False,True
AIONOLUJZLIMTK,Hesperetin,False,False,True,True
APAJFZPFBHMFQR,Anthraflavic Acid,False,False,False,False
BJRNKVDFDLYUGJ,Arbutin,True,False,False,True
BOJKULTULYSRAS,Andrographolide,True,False,False,True
BPNJXFPOPCFZOC,Berberine Chloride Hydrate,True,False,False,True
BXNJHAXVSOCGBA,Harmine,True,False,False,True
CLKOFPXJLQSYAH,Bacitracin,True,True,False,True
CNWWMJSRHGXXAX,2-Amino-3-hydroxyanthraquinone,False,False,False,False
CXQWRCVTCMQVQX,(+)-Taxifolin,True,True,False,True
DDUHZTYCFQRHIY,Griseofulvin,True,False,False,True
DFPMSGMNTNDNHN,Naringin,False,False,False,False
DFYRUELUNQRZTB,4'-Hydroxy-3'-methoxyacetophenone,True,False,False,True
DGQLVPJVXFOQEV,Carminic Acid (Natural dye),True,True,False,True
DMCPFOBLJMLSNX,3-Indoleacetonitrile,False,False,False,False
DOBMPNYZJYQDGZ,Dicoumarol,False,False,True,True
DOUMFZQKYFQNTF,Rosmarinic acid,True,True,False,True
DRDRYGIIYOPBBZ,Licochalcone B,False,False,False,False
FDJOLVPMNUYSCM,VITAMIN B12,False,False,False,False
FMHHVULEAZTJMA,Trioxsalen,True,True,False,True
FPIPGXGPPPQFEQ,RETINOL,False,False,False,False
FUWUEFKEXZQKKA,Hinokitiol,True,False,False,True
FVWJYYTZTCVBKE,Betulin,True,False,False,True
FXNFHKRTJBSTCS,Baicalein,False,False,True,True
GFNANZIMVAIWHM,Triamcinolone,True,True,False,True
GKAJCVFOJGXVIA,Rhaponticin,True,True,False,True
GOLXRNDWAUTYKT,3-Indolepropionic Acid,False,False,False,False
GPTFURBXHJWNHR,Protopine,False,False,False,False
GXLIFJYFGMHYDY,(E)-3-(4-Chlorophenyl)acrylic Acid,True,True,False,True
GYLUFQJZYAJQDI,"4',6,7-Trihydroxyisoflavone",True,False,False,True
GZSOSUNBTXMUFQ,Diosmin,False,False,True,True
HEYZWPRKKUGDCR,Swertiamarin,True,True,False,True
HKEAFJYKMMKDOR,Puerarin,False,False,True,True
HKQYGTCOTHHOMP,Formononetin,False,False,True,True
HPNSFSBZBAHARI,Mycophenolic Acid,False,False,False,False
HSMPDPBYAYSOBC,Khellin,True,False,False,True
HSTZMXCBWJGKHG,Piceid,True,False,False,True
IAKHMKGGTNLKSZ,Colchicine,True,True,False,True
IEJIBKWJYHZFNW,Brucine Hydrate,True,False,False,True
IIQSJHUEZBTSAT,Fangchinoline,False,False,False,False
IKIIZLYTISPENI,Baicalin 7-b-D-glucuronide,False,False,False,False
IOUVKUPGCMBWBT,Phlorizin,False,False,True,True
IQPNAANSBPBGFQ,Luteolin,False,False,True,True
ITVGXXMINPYUHD,Neohesperidin Dihydrochalcone,False,False,True,True
IYODIJVWGPRBGQ,Camalexin,False,False,False,False
IYVFNTXFRYQLRP,Troxerutin,False,False,True,True
JKMUUZMCSNHBAX,Jatrorrhizine Chloride,True,True,False,True
JMSVCTWVEWCHDZ,SYRINGIC ACID,False,False,False,False
JQXXHWHPUNPDRT,RIFAMPICIN,False,False,False,False
JUVIOZPCNVVQFO,Rotenone,True,False,False,True
KAZSKMJFUPEHHW,Licochalcone A,False,False,False,False
KKSDGJDHHZEWEP,trans-m-Coumaric Acid,True,True,False,True
LACQPOBCQQPVIT,Scopolamine Hydrobromide Trihydrate,True,True,False,True
LBBJNGFCXDOYMQ,Harmol,True,True,False,True
LFYJSSARVMHQJB,BAKUCHIOL,False,False,False,False
LJOQGZACKSYWCH,(-)-Dihydroquinine,True,True,False,True
LNOHXHDWGCMVCO,Wogonoside,True,True,False,True
LOUPRKONTZGTKE,Quinidine,True,False,False,True
LPLVUJXQOOQHMX,Glycyrrhizin,True,False,False,True
LUSZGTFNYDARNI,Sesamol,True,False,False,True
LZJRNLRASBVRRX,Boldine,True,True,False,True
MFLVZFXCSKVCSH,Noscapine Hydrochloride Hydrate,True,False,False,True
MKSVFGKWZLUTTO,PUROMYCIN DIHYDROCHLORIDE,False,False,False,False
MPDGHEJMBKOTSU,Glycyrrhetic Acid,True,False,False,True
MXXWOMGUGJBKIW,Piperine,True,True,False,True
NGFMICBWJRZIBI,Salicin,True,False,False,True
NGSWKAQJJWESNS,trans-p-Coumaric Acid,True,True,False,True
NLDDIKRKFXEWBK,[6]-Gingerol,False,False,False,False
NSFFHOGKXHRQEW,Thiostrepton,False,False,False,False
NWBWCXBPKTTZNQ,Lappaconitine,False,False,False,False
OCDGBSUVYYVKQZ,Gramine,True,False,False,True
OFUMQWOJBVNKLR,(+)-Catechin Hydrate,False,False,False,False
OLZAGZCCJJBKNZ,4-Formylphenyl β-D-Allopyranoside,True,False,False,True
OOCCDEMITAIZTP,(E)-Cinnamyl Alcohol,True,True,False,True
ORJVQPIHKOARKV,Nuciferine,False,False,False,False
OWFHAMHRUCUSRM,LDN-22684,True,True,False,True
OZCVSEGCSGTCIO,Biliverdin hydrochloride,False,False,False,False
PCMORTLOPMLEFB,"3,5-Dimethoxy-4-hydroxycinnamic Acid",True,True,False,True
PFTAWBLQPZVEMU,(-)-Epicatechin,True,False,True,True
PIPZGJSEDRMUAW,Yohimbine Hydrochloride,True,True,False,True
POJWUDADGALRAB,Allantoin,True,False,False,True
PREBVFJICNPEKM,Bisdemethoxycurcumin,True,False,False,True
QBPFLULOKWLNNW,Chrysazin,True,False,False,True
QELUYTUMUWHWMC,3-Methyl-1-phenyl-2-pyrazoline-5-one,True,False,False,True
QKFAFSGJTMHRRY,Sinigrin,True,True,False,True
QOLRLLFJMZLYQJ,Hecogenin,True,False,False,True
QRFDENJATPJOKG,Aegeline,True,True,False,True
QUQPHWDTPGMPEX,Hesperidin,True,False,True,True
QXKHYNVANLEOEG,Xanthotoxin,True,True,False,True
QYSXJUFSXHHAJI,Cholecalciferol,True,True,False,True
RFWGABANNQMHMZ,Oleuropein,True,True,False,True
RGCKGOZRHPZPFP,Alizarin,False,False,False,False
RKUNBYITZUJHSG,Atropine,True,False,False,True
RLQYRXCUPVKSAW,PALMATINE CHLORIDE,False,False,False,False
RNAICSBVACLLGM,Pilocarpine Hydrochloride,True,False,False,True
RSWGJHLUYNHPMX,Abietic Acid,True,False,False,True
RXGJTUSBYWCRBK,Phenazine methosulfate,True,True,False,True
RXPRRQLKFXBCSJ,Vincamine,True,True,False,True
SDHTXBWLVGWJFT,Oridonine,True,True,False,True
SEBFKMXJBCUCAI,Silybin,False,False,True,True
SEBIKDIMAPSUBY,CROCIN,False,False,False,False
SFUCGABQOMYVJW,Rhododendrol,True,False,False,True
SHGAZHPCJJPHSC,RETINOIC ACID,False,False,False,False
SWUARLUWKZWEBQ,Phenethyl Caffeate,True,False,False,True
TXDUTHBFYKGSAH,(±)-Evodiamine,True,False,False,True
TZJALUIVHRYQQB,Icariin,True,False,False,True
UEDUENGHJMELGK,Stevioside,True,False,False,True
UIFFUZWRFRDZJC,ANTIMYCIN A,False,False,False,False
UOTMYNBWXDUBNX,Papaverine Hydrochloride,True,False,False,True
UVDQDNQWGQFIAO,Crebanine,False,False,False,False
VABYUUZNAVQNPG,Piperlongumine,True,True,False,True
VCMMXZQDRFWYSE,Plumbagin,False,False,False,False
VFLDPWHFBUODDF,Curcumin (Natural),True,False,False,True
VVOAZFWZEDHOOU,Magnolol,True,False,False,True
WBBHOISPYYYBTC,Cinchonidine Sulfate Dihydrate,False,False,False,False
WBYWAXJHAXSJNI,trans-Cinnamic Acid,True,True,False,True
WEYVVCKOOFYHRW,(+)-Usnic Acid,True,False,False,True
WTDRDQBEARUVNC,"3-(3,4-Dihydroxyphenyl)-L-alanine",True,True,False,True
WTOYNNBCKUYIKC,(+)-Nootkatone,True,True,False,True
WUADCCWRTIWANL,Biochanin A,False,False,True,True
WVTKBKWTSCPRNU,Tetrandrine,True,True,False,True
WWPRGAYLRGSOSU,NOVOBIOCIN SODIUM SALT,False,False,False,False
WZUVPPKBWHMQCE,Hematoxylin Hydrate,True,False,False,True
XGVJWXAYKUHDOO,Lycorine,True,True,False,True
XJHDMGJURBVLLE,Santonin,True,True,False,True
XLTFNNCXVBYBSX,Wogonin,True,True,False,True
XRYVAQQLDYTHCL,Sophoraflavanone G,False,False,False,False
XUCIJNAGGSZNQT,Amygdalin,True,False,False,True
XVARCVCWNFACQC,Indican,True,True,False,True
YCCILVSKPBXVIP,2-(4-Hydroxyphenyl)ethanol,True,False,False,True
YKPUWZUDDOIDPM,Capsaicin (Natural),True,False,False,True
YKRGDOXKVOZESV,Paeoniflorin,True,True,False,True
YMNCVRSYJBNGLD,Cephalotaxine,False,False,False,False
YVPXVXANRNDGTA,Cepharanthine,True,True,False,True
YWJXCIXBAKGUKZ,Bergenin,True,False,False,True
ZFAHNWWNDFHPOH,S-Allyl-L-cysteine,True,False,False,True
ZJVUMAFASBFUBG,Punicalagin,True,False,False,True
ZQSIJRDFPHDXIC,Daidzein,False,False,True,True
